group,images_in_group,identical_copies_of_this_image,image_id,label,hb_g_dl,age_months,gender,hospital,pixel_md5
1,17,1,Image_006,non-anaemic,12.5,24,Male,Sunyani Municipal Hospital,36a888de43603af3ad6dc7feae534b9a
1,17,6,Image_065,non-anaemic,12.7,12,Male,Sunyani Municipal Hospital,d6e7d6b4d0568a9996e1e62e126cc583
1,17,1,Image_081,non-anaemic,11.0,36,Female,Komfo Anokye Teaching Hospital,c25536aa4b011e46c6598b30c9795b69
1,17,1,Image_090,non-anaemic,13.0,24,Male,Komfo Anokye Teaching Hospital,c80afdf8b44e54afc1f526ac9ff190c0
1,17,6,Image_095,non-anaemic,12.9,36,Female,Bolgatanga Regional Hospital,d6e7d6b4d0568a9996e1e62e126cc583
1,17,8,Image_124,non-anaemic,12.4,48,Female,Komfo Anokye Teaching Hospital,d17d9d4bb90182b75a9f17b2043f3fa0
1,17,8,Image_210,non-anaemic,11.0,36,Female,Manhyia District Hospital,d17d9d4bb90182b75a9f17b2043f3fa0
1,17,8,Image_225,non-anaemic,13.2,36,Male,Sunyani Municipal Hospital,d17d9d4bb90182b75a9f17b2043f3fa0
1,17,8,Image_433,non-anaemic,13.7,48,Female,Komfo Anokye Teaching Hospital,d17d9d4bb90182b75a9f17b2043f3fa0
1,17,8,Image_664,non-anaemic,13.1,48,Female,Sunyani Municipal Hospital,d17d9d4bb90182b75a9f17b2043f3fa0
1,17,6,Image_671,non-anaemic,12.1,48,Female,Ahmadiyya Muslim Hospital,d6e7d6b4d0568a9996e1e62e126cc583
1,17,6,Image_672,non-anaemic,12.1,24,Female,Komfo Anokye Teaching Hospital,d6e7d6b4d0568a9996e1e62e126cc583
1,17,8,Image_690,non-anaemic,14.6,12,Male,Ejusu Government Hospital,d17d9d4bb90182b75a9f17b2043f3fa0
1,17,8,Image_692,non-anaemic,14.6,36,Male,Komfo Anokye Teaching Hospital,d17d9d4bb90182b75a9f17b2043f3fa0
1,17,8,Image_693,non-anaemic,14.8,24,Female,Ahmadiyya Muslim Hospital,d17d9d4bb90182b75a9f17b2043f3fa0
1,17,6,Image_704,non-anaemic,14.3,12,Male,Bolgatanga Regional Hospital,d6e7d6b4d0568a9996e1e62e126cc583
1,17,6,Image_705,non-anaemic,14.7,7,Male,Bolgatanga Regional Hospital,d6e7d6b4d0568a9996e1e62e126cc583
2,13,3,Image_056,anaemic,8.6,24,Male,Ejusu Government Hospital,d27ac4ec124d2e3bd01d0bbafbeffdea
2,13,6,Image_066,anaemic,10.1,48,Female,Nkawie-Toase Government Hospital,f72b35bf70939f4e9658f3200374407a
2,13,6,Image_126,anaemic,8.5,12,Male,Nkawie-Toase Government Hospital,f72b35bf70939f4e9658f3200374407a
2,13,6,Image_209,anaemic,10.9,36,Female,Bolgatanga Regional Hospital,f72b35bf70939f4e9658f3200374407a
2,13,6,Image_261,anaemic,10.1,24,Female,Holy Family Hospital,f72b35bf70939f4e9658f3200374407a
2,13,4,Image_277,anaemic,5.2,36,Female,Nkawie-Toase Government Hospital,b805d7e53b0086690986d60ff78175f5
2,13,6,Image_372,anaemic,10.5,12,Male,Komfo Anokye Teaching Hospital,f72b35bf70939f4e9658f3200374407a
2,13,4,Image_384,anaemic,9.0,60,Male,Komfo Anokye Teaching Hospital,b805d7e53b0086690986d60ff78175f5
2,13,3,Image_388,anaemic,9.6,48,Male,Sunyani Municipal Hospital,d27ac4ec124d2e3bd01d0bbafbeffdea
2,13,4,Image_444,anaemic,10.64,48,Female,Komfo Anokye Teaching Hospital,b805d7e53b0086690986d60ff78175f5
2,13,4,Image_526,anaemic,9.7,24,Female,Sunyani Municipal Hospital,b805d7e53b0086690986d60ff78175f5
2,13,3,Image_547,anaemic,10.0,24,Female,Komfo Anokye Teaching Hospital,d27ac4ec124d2e3bd01d0bbafbeffdea
2,13,6,Image_581,anaemic,9.0,36,Female,Ejusu Government Hospital,f72b35bf70939f4e9658f3200374407a
3,13,7,Image_091,anaemic,10.7,24,Female,Kintampo Municipal Hospital,a41435ecbffe9ebb801f39c6c4acf424
3,13,7,Image_140,anaemic,8.9,24,Female,Komfo Anokye Teaching Hospital,a41435ecbffe9ebb801f39c6c4acf424
3,13,7,Image_155,anaemic,10.1,60,Male,Ejusu Government Hospital,a41435ecbffe9ebb801f39c6c4acf424
3,13,7,Image_193,anaemic,10.4,48,Female,Bolgatanga Regional Hospital,a41435ecbffe9ebb801f39c6c4acf424
3,13,7,Image_206,anaemic,10.9,24,Male,Nkawie-Toase Government Hospital,a41435ecbffe9ebb801f39c6c4acf424
3,13,7,Image_226,anaemic,10.5,48,Male,Komfo Anokye Teaching Hospital,a41435ecbffe9ebb801f39c6c4acf424
3,13,7,Image_266,anaemic,7.0,24,Male,Komfo Anokye Teaching Hospital,a41435ecbffe9ebb801f39c6c4acf424
3,13,6,Image_269,anaemic,7.1,36,Male,Ahmadiyya Muslim Hospital,57b11a88528dc7d89dc0f339a4f4eb1a
3,13,6,Image_290,anaemic,5.7,36,Female,Ahmadiyya Muslim Hospital,57b11a88528dc7d89dc0f339a4f4eb1a
3,13,6,Image_328,anaemic,10.2,48,Male,Sunyani Municipal Hospital,57b11a88528dc7d89dc0f339a4f4eb1a
3,13,6,Image_402,anaemic,8.9,12,Male,Holy Family Hospital,57b11a88528dc7d89dc0f339a4f4eb1a
3,13,6,Image_505,anaemic,10.3,36,Male,Komfo Anokye Teaching Hospital,57b11a88528dc7d89dc0f339a4f4eb1a
3,13,6,Image_680,anaemic,8.7,12,Female,Komfo Anokye Teaching Hospital,57b11a88528dc7d89dc0f339a4f4eb1a
4,11,11,Image_018,anaemic,10.93,48,Male,Kintampo Municipal Hospital,d84bffaf40ff3f12c65f00b0b28b6da8
4,11,11,Image_234,anaemic,5.1,48,Female,Ahmadiyya Muslim Hospital,d84bffaf40ff3f12c65f00b0b28b6da8
4,11,11,Image_369,anaemic,10.5,48,Female,Manhyia District Hospital,d84bffaf40ff3f12c65f00b0b28b6da8
4,11,11,Image_411,anaemic,8.0,12,Male,Sunyani Municipal Hospital,d84bffaf40ff3f12c65f00b0b28b6da8
4,11,11,Image_476,anaemic,4.6,12,Female,SDA Hospital,d84bffaf40ff3f12c65f00b0b28b6da8
4,11,11,Image_492,anaemic,8.9,36,Female,Sunyani Municipal Hospital,d84bffaf40ff3f12c65f00b0b28b6da8
4,11,11,Image_520,anaemic,9.7,12,Female,Bolgatanga Regional Hospital,d84bffaf40ff3f12c65f00b0b28b6da8
4,11,11,Image_525,anaemic,9.5,12,Female,Nkawie-Toase Government Hospital,d84bffaf40ff3f12c65f00b0b28b6da8
4,11,11,Image_565,anaemic,10.1,12,Female,Komfo Anokye Teaching Hospital,d84bffaf40ff3f12c65f00b0b28b6da8
4,11,11,Image_626,anaemic,8.7,12,Male,Nkawie-Toase Government Hospital,d84bffaf40ff3f12c65f00b0b28b6da8
4,11,11,Image_630,anaemic,8.8,12,Female,Ejusu Government Hospital,d84bffaf40ff3f12c65f00b0b28b6da8
5,11,8,Image_168,anaemic,5.0,24,Female,Nkawie-Toase Government Hospital,31f4eb65c378f3d6b2d1b05034633f61
5,11,3,Image_308,anaemic,8.0,24,Female,Nkawie-Toase Government Hospital,2b0fe7f63af85c1dde708cf6007a2951
5,11,8,Image_334,anaemic,10.8,24,Male,Manhyia District Hospital,31f4eb65c378f3d6b2d1b05034633f61
5,11,8,Image_533,anaemic,9.6,12,Female,Bolgatanga Regional Hospital,31f4eb65c378f3d6b2d1b05034633f61
5,11,3,Image_586,anaemic,9.6,36,Female,Ahmadiyya Muslim Hospital,2b0fe7f63af85c1dde708cf6007a2951
5,11,8,Image_602,anaemic,7.6,36,Male,Bolgatanga Regional Hospital,31f4eb65c378f3d6b2d1b05034633f61
5,11,8,Image_605,anaemic,7.7,48,Male,Ahmadiyya Muslim Hospital,31f4eb65c378f3d6b2d1b05034633f61
5,11,8,Image_613,anaemic,7.8,36,Male,Manhyia District Hospital,31f4eb65c378f3d6b2d1b05034633f61
5,11,8,Image_640,anaemic,8.0,12,Male,Sunyani Municipal Hospital,31f4eb65c378f3d6b2d1b05034633f61
5,11,3,Image_642,anaemic,8.4,12,Male,Bolgatanga Regional Hospital,2b0fe7f63af85c1dde708cf6007a2951
5,11,8,Image_660,anaemic,10.2,36,Male,Komfo Anokye Teaching Hospital,31f4eb65c378f3d6b2d1b05034633f61
6,10,10,Image_005,anaemic,9.9,24,Male,Sunyani Municipal Hospital,f6900c00857c276a1c6d4d9dc66fc487
6,10,10,Image_153,anaemic,10.1,36,Male,Komfo Anokye Teaching Hospital,f6900c00857c276a1c6d4d9dc66fc487
6,10,10,Image_162,anaemic,10.0,36,Male,Manhyia District Hospital,f6900c00857c276a1c6d4d9dc66fc487
6,10,10,Image_202,anaemic,10.9,48,Male,Ejusu Government Hospital,f6900c00857c276a1c6d4d9dc66fc487
6,10,10,Image_256,anaemic,6.9,24,Female,Nkawie-Toase Government Hospital,f6900c00857c276a1c6d4d9dc66fc487
6,10,10,Image_391,anaemic,10.1,24,Male,Manhyia District Hospital,f6900c00857c276a1c6d4d9dc66fc487
6,10,10,Image_499,anaemic,9.1,12,Female,Sunyani Municipal Hospital,f6900c00857c276a1c6d4d9dc66fc487
6,10,10,Image_534,anaemic,9.5,48,Male,Manhyia District Hospital,f6900c00857c276a1c6d4d9dc66fc487
6,10,10,Image_615,anaemic,7.9,36,Female,Nkawie-Toase Government Hospital,f6900c00857c276a1c6d4d9dc66fc487
6,10,10,Image_627,anaemic,8.7,36,Male,Sunyani Municipal Hospital,f6900c00857c276a1c6d4d9dc66fc487
7,10,5,Image_025,anaemic,10.2,24,Male,Bolgatanga Regional Hospital,cf88b226c8bff38a71c960ffccde4a68
7,10,5,Image_084,anaemic,10.3,48,Female,Bolgatanga Regional Hospital,cf88b226c8bff38a71c960ffccde4a68
7,10,5,Image_111,anaemic,10.3,36,Female,Sunyani Municipal Hospital,a61a0f6bf9c471589c50750c86889ab9
7,10,5,Image_167,anaemic,10.2,12,Female,Sunyani Municipal Hospital,a61a0f6bf9c471589c50750c86889ab9
7,10,5,Image_181,anaemic,4.0,12,Male,Ahmadiyya Muslim Hospital,a61a0f6bf9c471589c50750c86889ab9
7,10,5,Image_190,anaemic,4.8,24,Male,Kintampo Municipal Hospital,cf88b226c8bff38a71c960ffccde4a68
7,10,5,Image_214,anaemic,10.4,60,Female,Nkawie-Toase Government Hospital,a61a0f6bf9c471589c50750c86889ab9
7,10,5,Image_229,anaemic,6.5,48,Male,Nkawie-Toase Government Hospital,cf88b226c8bff38a71c960ffccde4a68
7,10,5,Image_406,anaemic,10.3,12,Female,Komfo Anokye Teaching Hospital,a61a0f6bf9c471589c50750c86889ab9
7,10,5,Image_657,anaemic,9.2,36,Male,Ejusu Government Hospital,cf88b226c8bff38a71c960ffccde4a68
8,10,5,Image_177,anaemic,10.4,48,Male,Ejusu Government Hospital,a8185d86d5d5a5c54a634a7e5a8c68cc
8,10,5,Image_199,anaemic,10.4,24,Male,Ahmadiyya Muslim Hospital,a8185d86d5d5a5c54a634a7e5a8c68cc
8,10,5,Image_238,anaemic,5.4,24,Male,Kintampo Municipal Hospital,88d7bcd309444e3fa62b3f7db7df02ab
8,10,5,Image_240,anaemic,5.5,24,Female,Ahmadiyya Muslim Hospital,a8185d86d5d5a5c54a634a7e5a8c68cc
8,10,5,Image_250,anaemic,6.7,12,Male,Manhyia District Hospital,88d7bcd309444e3fa62b3f7db7df02ab
8,10,5,Image_330,anaemic,10.5,60,Male,Ejusu Government Hospital,88d7bcd309444e3fa62b3f7db7df02ab
8,10,5,Image_335,anaemic,3.3,12,Male,Ahmadiyya Muslim Hospital,a8185d86d5d5a5c54a634a7e5a8c68cc
8,10,5,Image_336,anaemic,10.5,60,Male,Bolgatanga Regional Hospital,88d7bcd309444e3fa62b3f7db7df02ab
8,10,5,Image_489,anaemic,8.9,12,Male,Bolgatanga Regional Hospital,88d7bcd309444e3fa62b3f7db7df02ab
8,10,5,Image_637,anaemic,9.2,24,Female,Ahmadiyya Muslim Hospital,a8185d86d5d5a5c54a634a7e5a8c68cc
9,9,2,Image_011,non-anaemic,12.4,60,Male,Bolgatanga Regional Hospital,e139e538f76b89cadcad6c40fb6ffdeb
9,9,2,Image_027,non-anaemic,12.9,48,Male,Sunyani Municipal Hospital,e139e538f76b89cadcad6c40fb6ffdeb
9,9,2,Image_059,non-anaemic,11.9,12,Male,Komfo Anokye Teaching Hospital,f2ae2f37dfa930d940dca0a02f106155
9,9,1,Image_551,non-anaemic,12.6,24,Male,Bolgatanga Regional Hospital,d01b5fd4e1afbc1dca7f707b6e4d056a
9,9,1,Image_553,non-anaemic,12.6,60,Female,Ahmadiyya Muslim Hospital,b9cafdbf55950cd96f6dee83665ee39c
9,9,2,Image_578,non-anaemic,11.9,48,Female,Komfo Anokye Teaching Hospital,f2ae2f37dfa930d940dca0a02f106155
9,9,2,Image_585,non-anaemic,13.9,60,Male,Sunyani Municipal Hospital,4b4426f50757e8c4beb58d89f4d7eb19
9,9,2,Image_587,non-anaemic,11.5,24,Female,Komfo Anokye Teaching Hospital,4b4426f50757e8c4beb58d89f4d7eb19
9,9,1,Image_686,non-anaemic,13.9,48,Male,Komfo Anokye Teaching Hospital,1ccd52ae70e063643868c1164aa7e9c2
10,9,6,Image_176,non-anaemic,13.1,36,Male,Ahmadiyya Muslim Hospital,ee08bcd6106fbc882ae8581051e7cc37
10,9,6,Image_313,non-anaemic,11.9,48,Female,Bolgatanga Regional Hospital,ee08bcd6106fbc882ae8581051e7cc37
10,9,6,Image_661,non-anaemic,12.9,60,Male,Nkawie-Toase Government Hospital,ee08bcd6106fbc882ae8581051e7cc37
10,9,3,Image_663,non-anaemic,13.1,36,Male,Komfo Anokye Teaching Hospital,0c8ce560272e228f52a37d887711ee50
10,9,6,Image_674,non-anaemic,12.1,24,Female,Ahmadiyya Muslim Hospital,ee08bcd6106fbc882ae8581051e7cc37
10,9,6,Image_687,non-anaemic,13.9,8,Female,Bolgatanga Regional Hospital,ee08bcd6106fbc882ae8581051e7cc37
10,9,3,Image_691,non-anaemic,14.6,10,Male,Sunyani Municipal Hospital,0c8ce560272e228f52a37d887711ee50
10,9,3,Image_695,non-anaemic,14.8,9,Male,Bolgatanga Regional Hospital,0c8ce560272e228f52a37d887711ee50
10,9,6,Image_706,non-anaemic,12.8,48,Male,Bolgatanga Regional Hospital,ee08bcd6106fbc882ae8581051e7cc37
11,8,1,Image_016,anaemic,9.9,24,Female,Bolgatanga Regional Hospital,5f28e8c4fb0642fcedf02d842b95dd03
11,8,5,Image_072,non-anaemic,11.2,48,Female,Ahmadiyya Muslim Hospital,5afde38090200347e46cdba6959a7b11
11,8,1,Image_101,anaemic,10.2,24,Male,Ahmadiyya Muslim Hospital,d69d6100ba42668672904a1d9c620ee1
11,8,1,Image_194,anaemic,10.74,48,Female,Komfo Anokye Teaching Hospital,38089eaedfac126ec9bf0dfb2dffd3b8
11,8,5,Image_677,non-anaemic,11.9,36,Female,Kintampo Municipal Hospital,5afde38090200347e46cdba6959a7b11
11,8,5,Image_679,non-anaemic,12.0,12,Female,Ejusu Government Hospital,5afde38090200347e46cdba6959a7b11
11,8,5,Image_684,non-anaemic,13.9,60,Male,Kintampo Municipal Hospital,5afde38090200347e46cdba6959a7b11
11,8,5,Image_685,non-anaemic,13.9,11,Male,Bolgatanga Regional Hospital,5afde38090200347e46cdba6959a7b11
12,8,5,Image_021,anaemic,10.9,36,Female,Bolgatanga Regional Hospital,7ab3845d22e7ebfee44a578fd737ff4e
12,8,5,Image_082,anaemic,10.1,48,Female,Komfo Anokye Teaching Hospital,7ab3845d22e7ebfee44a578fd737ff4e
12,8,3,Image_083,anaemic,10.1,36,Male,Nkawie-Toase Government Hospital,c5bc2378097602e661ee7151c7bbb799
12,8,5,Image_109,anaemic,10.3,12,Female,Komfo Anokye Teaching Hospital,7ab3845d22e7ebfee44a578fd737ff4e
12,8,5,Image_125,anaemic,8.4,12,Female,Bolgatanga Regional Hospital,7ab3845d22e7ebfee44a578fd737ff4e
12,8,3,Image_128,anaemic,8.9,24,Male,Bolgatanga Regional Hospital,c5bc2378097602e661ee7151c7bbb799
12,8,5,Image_172,anaemic,7.2,48,Male,Komfo Anokye Teaching Hospital,7ab3845d22e7ebfee44a578fd737ff4e
12,8,3,Image_633,anaemic,9.2,12,Female,Ahmadiyya Muslim Hospital,c5bc2378097602e661ee7151c7bbb799
13,8,5,Image_253,non-anaemic,11.3,60,Male,Nkawie-Toase Government Hospital,b6eae312d0a38e92e12f26bfe723bcc7
13,8,5,Image_345,non-anaemic,13.3,48,Female,Bolgatanga Regional Hospital,b6eae312d0a38e92e12f26bfe723bcc7
13,8,5,Image_449,non-anaemic,14.1,48,Male,Ahmadiyya Muslim Hospital,b6eae312d0a38e92e12f26bfe723bcc7
13,8,5,Image_600,non-anaemic,11.6,48,Female,Bolgatanga Regional Hospital,b6eae312d0a38e92e12f26bfe723bcc7
13,8,3,Image_601,non-anaemic,11.6,12,Male,Sunyani Municipal Hospital,f0645ae49e8caf793010b21d00c3b59a
13,8,3,Image_604,non-anaemic,11.6,60,Female,Kintampo Municipal Hospital,f0645ae49e8caf793010b21d00c3b59a
13,8,3,Image_624,non-anaemic,11.9,36,Female,Kintampo Municipal Hospital,f0645ae49e8caf793010b21d00c3b59a
13,8,5,Image_689,non-anaemic,14.6,6,Female,Bolgatanga Regional Hospital,b6eae312d0a38e92e12f26bfe723bcc7
14,7,4,Image_013,anaemic,9.9,24,Male,Ejusu Government Hospital,afec21f1686a8d68abf1784cb43c727c
14,7,4,Image_085,anaemic,10.1,12,Female,Kintampo Municipal Hospital,afec21f1686a8d68abf1784cb43c727c
14,7,4,Image_086,anaemic,10.9,24,Female,Kintampo Municipal Hospital,afec21f1686a8d68abf1784cb43c727c
14,7,4,Image_087,anaemic,10.7,60,Male,Sunyani Municipal Hospital,afec21f1686a8d68abf1784cb43c727c
14,7,3,Image_112,anaemic,10.3,24,Female,Komfo Anokye Teaching Hospital,7e0f8657d1d93a74610f7c53b78af77a
14,7,3,Image_251,anaemic,9.1,24,Female,Bolgatanga Regional Hospital,7e0f8657d1d93a74610f7c53b78af77a
14,7,3,Image_511,anaemic,9.6,12,Female,Kintampo Municipal Hospital,7e0f8657d1d93a74610f7c53b78af77a
15,7,3,Image_023,non-anaemic,12.9,60,Female,Manhyia District Hospital,b79f6ff73d33077a22f56b401c7525fe
15,7,3,Image_160,non-anaemic,12.6,60,Female,Bolgatanga Regional Hospital,f77a71560ad0ec31ee0b68e2c184904d
15,7,3,Image_341,non-anaemic,12.2,60,Male,Komfo Anokye Teaching Hospital,b79f6ff73d33077a22f56b401c7525fe
15,7,3,Image_441,non-anaemic,13.8,48,Male,Ahmadiyya Muslim Hospital,f77a71560ad0ec31ee0b68e2c184904d
15,7,3,Image_588,non-anaemic,11.5,24,Male,Bolgatanga Regional Hospital,f77a71560ad0ec31ee0b68e2c184904d
15,7,3,Image_590,non-anaemic,11.5,60,Female,Ahmadiyya Muslim Hospital,b79f6ff73d33077a22f56b401c7525fe
15,7,1,Image_703,non-anaemic,14.7,10,Male,Ahmadiyya Muslim Hospital,8986bfd82492a98f034ed9d54cb614a2
16,7,4,Image_026,anaemic,10.2,48,Female,Nkawie-Toase Government Hospital,0aca9300d96462a4ed10743133ccbd53
16,7,1,Image_093,anaemic,10.2,36,Male,Sunyani Municipal Hospital,f9aa3dcd31e1c0e556d69ce9cf437f51
16,7,4,Image_102,anaemic,10.2,12,Male,Kintampo Municipal Hospital,0aca9300d96462a4ed10743133ccbd53
16,7,4,Image_118,anaemic,7.09,24,Male,Sunyani Municipal Hospital,0aca9300d96462a4ed10743133ccbd53
16,7,1,Image_158,anaemic,10.0,24,Male,Ahmadiyya Muslim Hospital,164d167efc1bb5f1e966d87f0c292e3a
16,7,1,Image_291,anaemic,5.8,36,Male,Ejusu Government Hospital,e2d9bdeabfb7c486c72b950121be13c8
16,7,4,Image_678,anaemic,8.6,8,Male,Nkawie-Toase Government Hospital,0aca9300d96462a4ed10743133ccbd53
17,7,7,Image_031,anaemic,6.9,48,Female,Nkawie-Toase Government Hospital,e10b27d2d5ba42deaf7a68cebce54e32
17,7,7,Image_055,anaemic,8.5,24,Female,Manhyia District Hospital,e10b27d2d5ba42deaf7a68cebce54e32
17,7,7,Image_183,anaemic,4.2,24,Female,Nkawie-Toase Government Hospital,e10b27d2d5ba42deaf7a68cebce54e32
17,7,7,Image_279,anaemic,7.2,60,Male,Ahmadiyya Muslim Hospital,e10b27d2d5ba42deaf7a68cebce54e32
17,7,7,Image_480,anaemic,5.0,12,Female,Komfo Anokye Teaching Hospital,e10b27d2d5ba42deaf7a68cebce54e32
17,7,7,Image_521,anaemic,9.5,60,Female,Komfo Anokye Teaching Hospital,e10b27d2d5ba42deaf7a68cebce54e32
17,7,7,Image_560,anaemic,10.01,36,Female,Ahmadiyya Muslim Hospital,e10b27d2d5ba42deaf7a68cebce54e32
18,7,7,Image_386,anaemic,9.6,12,Male,Manhyia District Hospital,d92951ea7e62b2206deb5fbffee5b781
18,7,7,Image_399,anaemic,8.9,36,Female,Ahmadiyya Muslim Hospital,d92951ea7e62b2206deb5fbffee5b781
18,7,7,Image_403,anaemic,10.2,24,Female,Nkawie-Toase Government Hospital,d92951ea7e62b2206deb5fbffee5b781
18,7,7,Image_485,anaemic,6.3,12,Male,Holy Family Hospital,d92951ea7e62b2206deb5fbffee5b781
18,7,7,Image_618,anaemic,7.9,60,Male,Ahmadiyya Muslim Hospital,d92951ea7e62b2206deb5fbffee5b781
18,7,7,Image_645,anaemic,8.7,12,Male,Ahmadiyya Muslim Hospital,d92951ea7e62b2206deb5fbffee5b781
18,7,7,Image_666,anaemic,10.6,12,Female,Nkawie-Toase Government Hospital,d92951ea7e62b2206deb5fbffee5b781
19,6,3,Image_001,anaemic,9.8,6,Female,Nkawie-Toase Government Hospital,bd7c0e5d371c51fa323b596b708e2c01
19,6,3,Image_079,anaemic,9.7,24,Male,Ahmadiyya Muslim Hospital,bd7c0e5d371c51fa323b596b708e2c01
19,6,3,Image_501,anaemic,9.1,48,Male,Ahmadiyya Muslim Hospital,ea06f97efea75e69e3b7553072206039
19,6,3,Image_593,anaemic,7.3,48,Male,Ejusu Government Hospital,ea06f97efea75e69e3b7553072206039
19,6,3,Image_614,anaemic,7.89,24,Male,Ahmadiyya Muslim Hospital,ea06f97efea75e69e3b7553072206039
19,6,3,Image_675,anaemic,9.7,12,Male,Nkawie-Toase Government Hospital,bd7c0e5d371c51fa323b596b708e2c01
20,6,6,Image_002,anaemic,9.9,24,Male,Ejusu Government Hospital,afe902400beb66322713ee5896322d61
20,6,6,Image_029,anaemic,10.2,12,Male,Ahmadiyya Muslim Hospital,afe902400beb66322713ee5896322d61
20,6,6,Image_136,anaemic,9.9,48,Male,Nkawie-Toase Government Hospital,afe902400beb66322713ee5896322d61
20,6,6,Image_216,anaemic,10.4,60,Male,Komfo Anokye Teaching Hospital,afe902400beb66322713ee5896322d61
20,6,6,Image_230,anaemic,4.4,24,Male,Sunyani Municipal Hospital,afe902400beb66322713ee5896322d61
20,6,6,Image_446,anaemic,10.8,12,Male,Sunyani Municipal Hospital,afe902400beb66322713ee5896322d61
21,6,1,Image_007,anaemic,9.9,48,Female,SDA Hospital,d92188f15266e703812b7a6f04171d08
21,6,1,Image_053,anaemic,8.5,12,Male,Bolgatanga Regional Hospital,cbcd95f04c8284d6ed38e764fb02f08c
21,6,2,Image_105,anaemic,10.3,36,Male,Nkawie-Toase Government Hospital,e15a312da66e539aec9fcd3762721b33
21,6,1,Image_163,anaemic,10.2,12,Female,Manhyia District Hospital,d523f87206ed0cb9aaa626d758636f83
21,6,2,Image_203,anaemic,10.8,12,Male,Komfo Anokye Teaching Hospital,e15a312da66e539aec9fcd3762721b33
21,6,1,Image_496,anaemic,9.1,48,Female,Kintampo Municipal Hospital,81297e5dace7913b63b1fb2135f7da10
22,6,3,Image_009,anaemic,9.9,36,Female,Kintampo Municipal Hospital,3250c1d8b21e05e965520e6cbbe7eb8e
22,6,3,Image_040,anaemic,8.3,12,Female,Ahmadiyya Muslim Hospital,cdf9246bce12a73576186ccb710b88af
22,6,3,Image_047,anaemic,8.3,9,Male,Sunyani Municipal Hospital,cdf9246bce12a73576186ccb710b88af
22,6,3,Image_051,anaemic,8.5,48,Female,Bolgatanga Regional Hospital,3250c1d8b21e05e965520e6cbbe7eb8e
22,6,3,Image_623,anaemic,8.6,36,Female,Nkawie-Toase Government Hospital,3250c1d8b21e05e965520e6cbbe7eb8e
22,6,3,Image_641,anaemic,8.0,24,Male,Ejusu Government Hospital,cdf9246bce12a73576186ccb710b88af
23,6,1,Image_028,non-anaemic,12.9,60,Male,Manhyia District Hospital,e3f22d417138e96e22ea0fa7f9dbf096
23,6,1,Image_175,non-anaemic,11.05,48,Female,Ahmadiyya Muslim Hospital,15c999a915d7c586e4d1fe0f5fbf6ab5
23,6,1,Image_178,non-anaemic,11.1,60,Female,Sunyani Municipal Hospital,75bd364ba19b76e17400cc176c6004b3
23,6,1,Image_325,non-anaemic,11.3,24,Male,Komfo Anokye Teaching Hospital,b7563d9ffb08e2ca2d116560e87b59b6
23,6,1,Image_708,non-anaemic,11.6,60,Male,Komfo Anokye Teaching Hospital,fe407d9921d97ee3ad6006bc83495996
23,6,1,Image_709,non-anaemic,12.1,48,Male,Bolgatanga Regional Hospital,5dac22b87bb87570a65aa9293a3070d1
24,6,6,Image_080,anaemic,10.1,36,Male,Komfo Anokye Teaching Hospital,becf04083702f3929a6d1b5097d2681b
24,6,6,Image_233,anaemic,7.0,36,Female,Holy Family Hospital,becf04083702f3929a6d1b5097d2681b
24,6,6,Image_473,anaemic,10.1,24,Male,Holy Family Hospital,becf04083702f3929a6d1b5097d2681b
24,6,6,Image_540,anaemic,10.0,36,Female,Komfo Anokye Teaching Hospital,becf04083702f3929a6d1b5097d2681b
24,6,6,Image_617,anaemic,7.9,36,Male,Manhyia District Hospital,becf04083702f3929a6d1b5097d2681b
24,6,6,Image_648,anaemic,7.0,48,Male,Nkawie-Toase Government Hospital,becf04083702f3929a6d1b5097d2681b
25,5,1,Image_017,anaemic,9.9,24,Female,Ahmadiyya Muslim Hospital,42125192b9e4171873a4d2654d07afdb
25,5,4,Image_221,anaemic,10.5,36,Female,Ahmadiyya Muslim Hospital,7dc915aa2dc9bd03c610b1a00a517000
25,5,4,Image_407,anaemic,10.3,24,Male,Ahmadiyya Muslim Hospital,7dc915aa2dc9bd03c610b1a00a517000
25,5,4,Image_518,anaemic,9.6,36,Male,Manhyia District Hospital,7dc915aa2dc9bd03c610b1a00a517000
25,5,4,Image_548,anaemic,10.0,60,Female,Nkawie-Toase Government Hospital,7dc915aa2dc9bd03c610b1a00a517000
26,5,3,Image_074,anaemic,9.7,60,Female,Komfo Anokye Teaching Hospital,496c53d53b575e4ab0530451a56a9d7c
26,5,2,Image_076,anaemic,9.7,24,Female,Bolgatanga Regional Hospital,ea5508fd59d7cc52f698fd1aa076e44c
26,5,3,Image_377,anaemic,10.5,12,Female,Kintampo Municipal Hospital,496c53d53b575e4ab0530451a56a9d7c
26,5,3,Image_609,anaemic,7.8,12,Female,Kintampo Municipal Hospital,496c53d53b575e4ab0530451a56a9d7c
26,5,2,Image_611,anaemic,7.8,12,Male,Komfo Anokye Teaching Hospital,ea5508fd59d7cc52f698fd1aa076e44c
27,5,5,Image_141,anaemic,8.95,24,Male,Ahmadiyya Muslim Hospital,53d72d64ef3680773e96c5d22b599910
27,5,5,Image_259,anaemic,10.1,36,Female,Ahmadiyya Muslim Hospital,53d72d64ef3680773e96c5d22b599910
27,5,5,Image_275,anaemic,10.54,24,Male,Komfo Anokye Teaching Hospital,53d72d64ef3680773e96c5d22b599910
27,5,5,Image_301,anaemic,8.0,60,Female,Komfo Anokye Teaching Hospital,53d72d64ef3680773e96c5d22b599910
27,5,5,Image_333,anaemic,10.7,12,Male,Ahmadiyya Muslim Hospital,53d72d64ef3680773e96c5d22b599910
28,5,3,Image_200,anaemic,10.8,12,Female,Ahmadiyya Muslim Hospital,ce0858d1fef7b6805bb07c6f63f75a7f
28,5,2,Image_285,anaemic,5.2,12,Female,Bolgatanga Regional Hospital,22fe09f67025933e3a492af020ca8f4c
28,5,3,Image_287,anaemic,5.3,36,Male,Nkawie-Toase Government Hospital,ce0858d1fef7b6805bb07c6f63f75a7f
28,5,2,Image_318,anaemic,6.8,12,Female,Komfo Anokye Teaching Hospital,22fe09f67025933e3a492af020ca8f4c
28,5,3,Image_603,anaemic,7.7,12,Female,Komfo Anokye Teaching Hospital,ce0858d1fef7b6805bb07c6f63f75a7f
29,5,5,Image_314,anaemic,9.9,12,Female,Komfo Anokye Teaching Hospital,2d81b1ab180681e1502bf961efa50c15
29,5,5,Image_477,anaemic,6.1,24,Female,Nkawie-Toase Government Hospital,2d81b1ab180681e1502bf961efa50c15
29,5,5,Image_596,anaemic,7.5,60,Male,Nkawie-Toase Government Hospital,2d81b1ab180681e1502bf961efa50c15
29,5,5,Image_616,anaemic,7.9,24,Male,Ejusu Government Hospital,2d81b1ab180681e1502bf961efa50c15
29,5,5,Image_667,anaemic,10.6,36,Male,Kintampo Municipal Hospital,2d81b1ab180681e1502bf961efa50c15
30,5,5,Image_331,anaemic,10.5,60,Female,Bolgatanga Regional Hospital,ad49865e7251b149bcd2b9e39ff2c161
30,5,5,Image_494,anaemic,9.0,60,Male,Ahmadiyya Muslim Hospital,ad49865e7251b149bcd2b9e39ff2c161
30,5,5,Image_500,anaemic,9.1,12,Male,Komfo Anokye Teaching Hospital,ad49865e7251b149bcd2b9e39ff2c161
30,5,5,Image_556,anaemic,10.0,36,Female,Nkawie-Toase Government Hospital,ad49865e7251b149bcd2b9e39ff2c161
30,5,5,Image_676,anaemic,9.7,12,Male,Nkawie-Toase Government Hospital,ad49865e7251b149bcd2b9e39ff2c161
31,4,3,Image_043,anaemic,8.3,12,Male,Ahmadiyya Muslim Hospital,8c9f0013430b4063ce1278dd889fb64c
31,4,3,Image_390,anaemic,9.6,24,Female,Ahmadiyya Muslim Hospital,8c9f0013430b4063ce1278dd889fb64c
31,4,3,Image_598,anaemic,7.5,36,Male,Kintampo Municipal Hospital,8c9f0013430b4063ce1278dd889fb64c
31,4,1,Image_670,anaemic,10.7,12,Female,Ahmadiyya Muslim Hospital,b763dfc9816c756eea4a3535198bce10
32,4,4,Image_052,anaemic,8.5,24,Male,Manhyia District Hospital,d16c984c22b99ec34c826f0578bd4cba
32,4,4,Image_445,anaemic,10.8,60,Female,Ahmadiyya Muslim Hospital,d16c984c22b99ec34c826f0578bd4cba
32,4,4,Image_563,anaemic,10.06,36,Male,Ahmadiyya Muslim Hospital,d16c984c22b99ec34c826f0578bd4cba
32,4,4,Image_620,anaemic,6.9,24,Male,Nkawie-Toase Government Hospital,d16c984c22b99ec34c826f0578bd4cba
33,4,4,Image_063,non-anaemic,12.4,60,Female,SDA Hospital,d5d9402d85cfb261d3ba80f9c92feeb1
33,4,4,Image_378,non-anaemic,13.5,36,Male,Ejusu Government Hospital,d5d9402d85cfb261d3ba80f9c92feeb1
33,4,4,Image_435,non-anaemic,13.7,60,Male,Bolgatanga Regional Hospital,d5d9402d85cfb261d3ba80f9c92feeb1
33,4,4,Image_694,non-anaemic,14.7,9,Female,Bolgatanga Regional Hospital,d5d9402d85cfb261d3ba80f9c92feeb1
34,4,1,Image_064,non-anaemic,12.7,12,Male,Manhyia District Hospital,7985f7d6f913026a944cffca9ca033dc
34,4,1,Image_632,non-anaemic,12.1,60,Male,Kintampo Municipal Hospital,e823a35acdf98409655b821652c00193
34,4,2,Image_651,non-anaemic,11.9,36,Male,Ahmadiyya Muslim Hospital,4c70521446b3c6e0f46dd597e5019f13
34,4,2,Image_653,non-anaemic,12.0,12,Female,Ejusu Government Hospital,4c70521446b3c6e0f46dd597e5019f13
35,4,1,Image_113,non-anaemic,12.9,24,Female,Bolgatanga Regional Hospital,efbe0b6d4768b54ee79a2dac215d4d33
35,4,1,Image_347,non-anaemic,13.3,60,Male,Komfo Anokye Teaching Hospital,a19fe98b9d901dadec608f5bacf9e3c8
35,4,1,Image_367,non-anaemic,13.5,60,Female,Ejusu Government Hospital,7916fb465ce0028d6b8dcc663260f07d
35,4,1,Image_701,non-anaemic,15.0,48,Male,Bolgatanga Regional Hospital,c3415bd7a9a62fbe8ec8945ea71560ca
36,4,1,Image_134,non-anaemic,12.0,12,Male,Bolgatanga Regional Hospital,a2fe3f83cf32eb7903d291478176d18e
36,4,1,Image_135,non-anaemic,12.5,36,Female,Kintampo Municipal Hospital,a917310a73b0b6793c20a5d78f98905d
36,4,1,Image_137,non-anaemic,12.0,24,Female,Ejusu Government Hospital,6c3b79302a918d72b6e18b63f83709dd
36,4,1,Image_142,non-anaemic,12.0,24,Female,Ahmadiyya Muslim Hospital,f688458232d315dc966846149158315e
37,4,2,Image_170,anaemic,5.0,36,Male,Komfo Anokye Teaching Hospital,af607d461d729c0aaa63e9c4e0fe9a20
37,4,2,Image_188,non-anaemic,11.1,7,Female,Manhyia District Hospital,765c7c66163b7e6f714c145f7fa21c23
37,4,2,Image_310,anaemic,8.06,12,Male,Nkawie-Toase Government Hospital,765c7c66163b7e6f714c145f7fa21c23
37,4,2,Image_635,anaemic,9.2,12,Male,Komfo Anokye Teaching Hospital,af607d461d729c0aaa63e9c4e0fe9a20
38,4,4,Image_186,anaemic,4.6,36,Female,Sunyani Municipal Hospital,8d5a70599d7c8c4fcce5794e81e8a4b7
38,4,4,Image_270,anaemic,7.1,36,Female,Ejusu Government Hospital,8d5a70599d7c8c4fcce5794e81e8a4b7
38,4,4,Image_324,anaemic,8.7,60,Male,Nkawie-Toase Government Hospital,8d5a70599d7c8c4fcce5794e81e8a4b7
38,4,4,Image_329,anaemic,10.2,60,Female,Ejusu Government Hospital,8d5a70599d7c8c4fcce5794e81e8a4b7
39,4,4,Image_271,anaemic,9.0,36,Male,Manhyia District Hospital,af418ba1350d84259ae9e119aaa3496a
39,4,4,Image_327,anaemic,8.7,24,Female,Ahmadiyya Muslim Hospital,af418ba1350d84259ae9e119aaa3496a
39,4,4,Image_607,anaemic,7.8,60,Female,Komfo Anokye Teaching Hospital,af418ba1350d84259ae9e119aaa3496a
39,4,4,Image_646,anaemic,9.0,60,Male,Ahmadiyya Muslim Hospital,af418ba1350d84259ae9e119aaa3496a
40,4,1,Image_342,non-anaemic,12.5,24,Male,Komfo Anokye Teaching Hospital,b0288f6945a4de65b88bfa23d2c0a1b9
40,4,1,Image_343,non-anaemic,13.6,12,Female,Manhyia District Hospital,5cd7e14ca3094b35c7b9687490d7f0e3
40,4,1,Image_344,non-anaemic,12.3,12,Female,Komfo Anokye Teaching Hospital,d89a9a011ddce09a5076df92df1980b0
40,4,1,Image_346,non-anaemic,12.3,24,Male,Ahmadiyya Muslim Hospital,9920a570052dc8718e5386597cb70a2f
41,4,4,Image_504,anaemic,10.2,12,Female,Sunyani Municipal Hospital,55507fe944b713beb1c04d7faaca2b6e
41,4,4,Image_537,anaemic,9.7,12,Male,Sunyani Municipal Hospital,55507fe944b713beb1c04d7faaca2b6e
41,4,4,Image_569,anaemic,10.3,48,Female,SDA Hospital,55507fe944b713beb1c04d7faaca2b6e
41,4,4,Image_610,anaemic,7.8,12,Female,Kintampo Municipal Hospital,55507fe944b713beb1c04d7faaca2b6e
42,4,2,Image_530,anaemic,9.7,24,Female,Komfo Anokye Teaching Hospital,9e0e9bb8d4722e895c01535517d59ee1
42,4,2,Image_579,anaemic,8.1,36,Male,Kintampo Municipal Hospital,460d99029fa2eac3af1b395b7e95940b
42,4,2,Image_580,anaemic,8.9,36,Male,Sunyani Municipal Hospital,9e0e9bb8d4722e895c01535517d59ee1
42,4,2,Image_628,anaemic,8.7,24,Male,SDA Hospital,460d99029fa2eac3af1b395b7e95940b
43,4,2,Image_536,anaemic,9.5,12,Male,Bolgatanga Regional Hospital,29458f9a6ab0a6e6201024a991424267
43,4,2,Image_622,anaemic,8.6,36,Male,Bolgatanga Regional Hospital,a7daed02cb15ee479de5e8f2ba3fadca
43,4,2,Image_643,anaemic,8.4,48,Male,Kintampo Municipal Hospital,29458f9a6ab0a6e6201024a991424267
43,4,2,Image_644,anaemic,8.5,36,Male,Nkawie-Toase Government Hospital,a7daed02cb15ee479de5e8f2ba3fadca
44,4,1,Image_544,anaemic,10.0,36,Male,Komfo Anokye Teaching Hospital,6e5d85134ee0d26fb2910b8f75a3848c
44,4,1,Image_545,anaemic,10.0,12,Female,Manhyia District Hospital,e2f6c9a4d0959808b9d66ddff8b9282c
44,4,1,Image_567,anaemic,10.2,12,Female,Ejusu Government Hospital,afd7346db8e7a3a26c5fb30fb8a23ec3
44,4,1,Image_568,anaemic,10.2,48,Female,Manhyia District Hospital,112af003b39a465779f7054b5bf1b47b
45,4,1,Image_549,non-anaemic,12.6,12,Female,Komfo Anokye Teaching Hospital,52bf3b0395ce8275888fc24e07df41bd
45,4,1,Image_550,non-anaemic,12.6,12,Female,Komfo Anokye Teaching Hospital,c5c3994e6aa19239fa1c08755950675b
45,4,1,Image_573,anaemic,9.0,48,Female,Kintampo Municipal Hospital,51902c07ba4c857662aaf15af54048ea
45,4,1,Image_574,anaemic,9.1,48,Male,Nkawie-Toase Government Hospital,f984b7317a7e7131d55213bae4234ebe
46,4,2,Image_562,anaemic,10.05,48,Male,Nkawie-Toase Government Hospital,5fe5e21f54664bf5ccb8fcef2c3ea74d
46,4,2,Image_612,anaemic,7.8,12,Female,Komfo Anokye Teaching Hospital,23a9f0be2be69166d59e1a6b3c504eb9
46,4,2,Image_647,anaemic,9.0,24,Female,Sunyani Municipal Hospital,5fe5e21f54664bf5ccb8fcef2c3ea74d
46,4,2,Image_649,anaemic,7.0,24,Male,Ahmadiyya Muslim Hospital,23a9f0be2be69166d59e1a6b3c504eb9
47,3,1,Image_015,anaemic,9.9,60,Male,Nkawie-Toase Government Hospital,fc6c727f3db33020cf97449e84fd8990
47,3,1,Image_656,anaemic,9.0,12,Male,Komfo Anokye Teaching Hospital,40adb3b22ea0163a352778a499caae15
47,3,1,Image_659,anaemic,10.1,36,Female,Komfo Anokye Teaching Hospital,d6eb8acab2d587cb82f7f14d79785b08
48,3,3,Image_022,anaemic,10.74,48,Female,Komfo Anokye Teaching Hospital,94094ab9eb2da43b21855247496ab3cf
48,3,3,Image_220,anaemic,10.41,24,Male,Komfo Anokye Teaching Hospital,94094ab9eb2da43b21855247496ab3cf
48,3,3,Image_634,anaemic,9.2,48,Male,Komfo Anokye Teaching Hospital,94094ab9eb2da43b21855247496ab3cf
49,3,3,Image_037,anaemic,8.2,48,Male,Sunyani Municipal Hospital,5c7067737d521221f298eaaeeb415d7a
49,3,3,Image_309,anaemic,8.1,24,Female,Bolgatanga Regional Hospital,5c7067737d521221f298eaaeeb415d7a
49,3,3,Image_608,anaemic,7.8,12,Male,Manhyia District Hospital,5c7067737d521221f298eaaeeb415d7a
50,3,1,Image_046,anaemic,8.3,12,Male,Nkawie-Toase Government Hospital,165454508353f240958a7af62ec43f00
50,3,1,Image_513,anaemic,9.6,48,Male,Nkawie-Toase Government Hospital,906d6d73978d307417ca177bf77e6d7c
50,3,1,Image_515,anaemic,9.6,48,Male,Kintampo Municipal Hospital,9fae26f74289d8a06f93c63985aa22b1
51,3,1,Image_127,anaemic,8.9,36,Male,Komfo Anokye Teaching Hospital,e45ab271c9c059889ae5adc3fbdef284
51,3,1,Image_139,anaemic,9.9,36,Female,Ahmadiyya Muslim Hospital,10ba7115a32f048e3955bf0bed2b5285
51,3,1,Image_702,non-anaemic,14.5,60,Female,Sunyani Municipal Hospital,19873db181ad0c1f212498258a7467b6
52,3,1,Image_143,non-anaemic,12.5,60,Male,Ahmadiyya Muslim Hospital,acff228d7a9de1f78d2f3e49b71d61d3
52,3,1,Image_165,non-anaemic,12.8,24,Male,Nkawie-Toase Government Hospital,44c73a013dd006683268136e633b020e
52,3,1,Image_169,non-anaemic,11.1,12,Female,Komfo Anokye Teaching Hospital,8a4cf7612d89cbd286a215cf491fdcf4
53,3,1,Image_232,anaemic,6.9,24,Male,Bolgatanga Regional Hospital,4cc3521a44be5f7641934c62e120c5fa
53,3,1,Image_235,anaemic,7.9,12,Female,Bolgatanga Regional Hospital,0eea776836389436b7fb3aad999b4a24
53,3,1,Image_236,anaemic,5.4,12,Female,Komfo Anokye Teaching Hospital,d5962ef1d9a6b9bd36feeab628a8c485
54,3,1,Image_260,anaemic,7.0,12,Male,Kintampo Municipal Hospital,0f33a5f7c68d2611fac8129bbfa66f5a
54,3,1,Image_262,anaemic,10.5,48,Female,SDA Hospital,4d59d76a0929f7da731f37ee12b7f50b
54,3,1,Image_264,anaemic,7.0,12,Male,Nkawie-Toase Government Hospital,54b49eb3d773a9b95db9ce0a5eb2c927
55,3,1,Image_281,non-anaemic,11.1,36,Female,Bolgatanga Regional Hospital,eafe3414240c7006aaf903a8643d7fe9
55,3,1,Image_282,non-anaemic,11.0,48,Female,Ejusu Government Hospital,292b0351f0566fa82fcc1b38b2237612
55,3,1,Image_354,non-anaemic,12.3,24,Female,Bolgatanga Regional Hospital,10e027bca8eefa56b8814f59bc6003bf
56,3,3,Image_306,anaemic,8.1,24,Female,Sunyani Municipal Hospital,63977055ff4f27ab17c4bf63183a4701
56,3,3,Image_316,anaemic,6.1,24,Female,Ahmadiyya Muslim Hospital,63977055ff4f27ab17c4bf63183a4701
56,3,3,Image_514,anaemic,9.6,36,Male,Manhyia District Hospital,63977055ff4f27ab17c4bf63183a4701
57,3,3,Image_315,anaemic,9.9,48,Male,Sunyani Municipal Hospital,b14515eaf8c872a96c4b9a315594ff54
57,3,3,Image_636,anaemic,9.2,24,Female,Bolgatanga Regional Hospital,b14515eaf8c872a96c4b9a315594ff54
57,3,3,Image_668,anaemic,10.6,24,Male,Kintampo Municipal Hospital,b14515eaf8c872a96c4b9a315594ff54
58,3,3,Image_320,anaemic,8.6,12,Female,Sunyani Municipal Hospital,5a457eb8cfc09a0c2f9664f0fc31befb
58,3,3,Image_495,anaemic,9.1,12,Female,Komfo Anokye Teaching Hospital,5a457eb8cfc09a0c2f9664f0fc31befb
58,3,3,Image_683,anaemic,8.7,12,Female,Komfo Anokye Teaching Hospital,5a457eb8cfc09a0c2f9664f0fc31befb
59,3,3,Image_322,anaemic,8.7,60,Female,Holy Family Hospital,46da493b069699fcfb2ab80e88b3b94a
59,3,3,Image_541,anaemic,10.0,36,Male,Ahmadiyya Muslim Hospital,46da493b069699fcfb2ab80e88b3b94a
59,3,3,Image_552,anaemic,10.0,36,Female,Bolgatanga Regional Hospital,46da493b069699fcfb2ab80e88b3b94a
60,3,3,Image_393,anaemic,10.1,12,Female,Komfo Anokye Teaching Hospital,cad4171e77961e23eefe8e573663a8a9
60,3,3,Image_400,anaemic,8.9,60,Male,Kintampo Municipal Hospital,cad4171e77961e23eefe8e573663a8a9
60,3,3,Image_625,anaemic,8.8,12,Female,Ejusu Government Hospital,cad4171e77961e23eefe8e573663a8a9
61,3,1,Image_404,non-anaemic,12.8,60,Female,Sunyani Municipal Hospital,855c8e6ed2d9293a37ef2ca350008f2e
61,3,1,Image_409,non-anaemic,11.7,48,Female,Bolgatanga Regional Hospital,4a46103253b50a1368511aec3ed03335
61,3,1,Image_417,non-anaemic,11.7,36,Female,Nkawie-Toase Government Hospital,83f7677c33ce2a4afb234bd222e6cf53
62,3,2,Image_443,anaemic,10.6,36,Male,Nkawie-Toase Government Hospital,891f091887870377773a76eedc8ff076
62,3,2,Image_555,anaemic,10.0,12,Male,Nkawie-Toase Government Hospital,891f091887870377773a76eedc8ff076
62,3,1,Image_589,anaemic,7.3,36,Female,Manhyia District Hospital,6905921c94d47370bce77ec5497bf47e
63,3,1,Image_591,non-anaemic,11.5,60,Male,Nkawie-Toase Government Hospital,aba963bb22cbc7bcad1f862c9c949c15
63,3,2,Image_592,non-anaemic,11.52,36,Male,Sunyani Municipal Hospital,b755161051775a4d3242ffece82cde52
63,3,2,Image_595,non-anaemic,11.6,24,Male,Komfo Anokye Teaching Hospital,b755161051775a4d3242ffece82cde52
64,2,2,Image_003,non-anaemic,11.1,24,Female,Ahmadiyya Muslim Hospital,59b443a8e32bca6be91c7ba86a995086
64,2,2,Image_696,non-anaemic,14.8,12,Female,Nkawie-Toase Government Hospital,59b443a8e32bca6be91c7ba86a995086
65,2,2,Image_010,anaemic,9.9,36,Female,Kintampo Municipal Hospital,7d190ff914f47f678ca2eb2de814b62a
65,2,2,Image_159,anaemic,10.1,12,Female,Manhyia District Hospital,7d190ff914f47f678ca2eb2de814b62a
66,2,2,Image_019,anaemic,10.9,48,Male,Komfo Anokye Teaching Hospital,0864bd461b5a6baaf0d9293e4b09d6a3
66,2,2,Image_631,anaemic,9.0,36,Female,Sunyani Municipal Hospital,0864bd461b5a6baaf0d9293e4b09d6a3
67,2,1,Image_024,non-anaemic,12.9,60,Female,Komfo Anokye Teaching Hospital,2ad19de9c467a2d0825759781bb1ba6e
67,2,1,Image_060,non-anaemic,11.9,36,Female,Nkawie-Toase Government Hospital,2696591c673505ace360d85058a94ed5
68,2,1,Image_033,anaemic,8.1,12,Male,Bolgatanga Regional Hospital,53fe257ea9b8d7bb3e685f2c28577960
68,2,1,Image_219,anaemic,10.4,12,Male,Komfo Anokye Teaching Hospital,d9e97926c068f18902d9bcb9368aa8c1
69,2,1,Image_034,anaemic,8.2,12,Male,Ahmadiyya Muslim Hospital,4e14492e53b364213204fd106c2632be
69,2,1,Image_244,anaemic,6.0,12,Female,Komfo Anokye Teaching Hospital,506c91d4e6c9ad8213011b7285a4fe54
70,2,1,Image_035,anaemic,8.2,12,Male,Kintampo Municipal Hospital,0a90a1b49584250190131a32edaea09e
70,2,1,Image_293,anaemic,3.1,36,Male,Bolgatanga Regional Hospital,4ff5fd68f91f9ed279c84886398c9dbb
71,2,1,Image_036,anaemic,8.2,60,Male,Sunyani Municipal Hospital,d28bcf460bd31253162528f7e93720c2
71,2,1,Image_274,anaemic,9.5,24,Male,Ahmadiyya Muslim Hospital,c2cfddc2b3faf35bb0f4d63d1cf88b4f
72,2,1,Image_042,anaemic,8.3,24,Female,Nkawie-Toase Government Hospital,0950fb3211ec3979ad3e3231c5d5bb45
72,2,1,Image_300,anaemic,8.0,24,Male,Komfo Anokye Teaching Hospital,cdc071343fcbe46a30dba4e7d47a4a05
73,2,1,Image_048,anaemic,8.3,12,Male,Sunyani Municipal Hospital,90dba54e478dea7c74793564413e5cd0
73,2,1,Image_542,anaemic,10.0,48,Male,Ejusu Government Hospital,6111a8e3f6d537262aa48f2478c6335f
74,2,1,Image_050,anaemic,8.4,24,Female,Kintampo Municipal Hospital,110dc9b047343553e054f5bbaeefbe79
74,2,1,Image_539,anaemic,9.6,24,Male,Bolgatanga Regional Hospital,29231c5271c1fe33c649cf8e2b7c3d8a
75,2,1,Image_054,anaemic,8.5,12,Male,Ejusu Government Hospital,bacc61ca8c24a4cd20a67da6d9f6cd0f
75,2,1,Image_231,anaemic,6.6,12,Male,Ahmadiyya Muslim Hospital,4031600626a71e99c6ce69ff1dd3ae45
76,2,2,Image_068,anaemic,7.1,36,Female,Nkawie-Toase Government Hospital,76fb0ca2a99bbb35d352fe1cef263e66
76,2,2,Image_577,anaemic,8.0,36,Male,Sunyani Municipal Hospital,76fb0ca2a99bbb35d352fe1cef263e66
77,2,1,Image_077,anaemic,9.7,48,Female,Bolgatanga Regional Hospital,74b11f1df4a2fe8fb24774815e783061
77,2,1,Image_582,anaemic,9.2,36,Female,Ahmadiyya Muslim Hospital,c79a316ec0c65cde15e13c5d2e1c0e21
78,2,1,Image_078,anaemic,9.7,12,Female,Ahmadiyya Muslim Hospital,6b107770fe92a1d7f8c4703e1f10ea7a
78,2,1,Image_583,anaemic,10.2,48,Female,Sunyani Municipal Hospital,e4cf60d0004733bea4a1cde3cb205174
79,2,2,Image_089,anaemic,10.7,24,Male,Kintampo Municipal Hospital,2afc7f9fde18ce94b66ae3167cd61d87
79,2,2,Image_149,anaemic,9.9,12,Male,Sunyani Municipal Hospital,2afc7f9fde18ce94b66ae3167cd61d87
80,2,2,Image_110,anaemic,10.3,12,Male,Ahmadiyya Muslim Hospital,abb150b14c7b61baf9ebf9257725f1af
80,2,2,Image_650,anaemic,7.98,48,Female,Nkawie-Toase Government Hospital,abb150b14c7b61baf9ebf9257725f1af
81,2,2,Image_115,anaemic,10.3,48,Male,Ahmadiyya Muslim Hospital,fdea73a69d46e34c7117d1f5a8d8c889
81,2,2,Image_122,anaemic,9.6,12,Female,Kintampo Municipal Hospital,fdea73a69d46e34c7117d1f5a8d8c889
82,2,1,Image_119,anaemic,9.6,24,Male,Nkawie-Toase Government Hospital,9957e1fd27e7ba92c0b36eb24e6b8f35
82,2,1,Image_132,anaemic,9.9,60,Male,Ahmadiyya Muslim Hospital,94b86bc5edea7c114f7ca3ec165be60d
83,2,2,Image_121,anaemic,9.6,36,Male,Bolgatanga Regional Hospital,ddd5e795587153ee58f303ee73486211
83,2,2,Image_228,anaemic,6.1,36,Female,Ahmadiyya Muslim Hospital,ddd5e795587153ee58f303ee73486211
84,2,1,Image_123,anaemic,8.1,24,Male,SDA Hospital,40e77ad61aca1a4b35c3e1ddcc1cebe3
84,2,1,Image_182,anaemic,10.4,36,Male,Nkawie-Toase Government Hospital,2e049d876b1f81332869078a6aaf4775
85,2,1,Image_129,non-anaemic,12.0,60,Male,Komfo Anokye Teaching Hospital,37d495ee07d529fc093f3a4acbd00b06
85,2,1,Image_442,anaemic,10.6,11,Female,Kintampo Municipal Hospital,41ca900f7b9578031a40ff177496f6d0
86,2,2,Image_138,anaemic,8.9,48,Male,Nkawie-Toase Government Hospital,99d60ed5268122a170f9371681b7ca8c
86,2,2,Image_652,anaemic,8.7,60,Male,Ahmadiyya Muslim Hospital,99d60ed5268122a170f9371681b7ca8c
87,2,1,Image_146,anaemic,9.9,12,Male,Manhyia District Hospital,66841d0a6d05f1c781c374f4635859af
87,2,1,Image_164,anaemic,10.0,60,Female,Bolgatanga Regional Hospital,82059ea00fd0d62d0d7a98d1a7c37f26
88,2,1,Image_147,non-anaemic,12.1,60,Female,Komfo Anokye Teaching Hospital,5dec6ec0c55a853002f8a4ee28325280
88,2,1,Image_151,non-anaemic,12.7,24,Female,Nkawie-Toase Government Hospital,b4485a60b16b18940aa23b284dd64cd6
89,2,1,Image_156,non-anaemic,12.6,24,Male,Bolgatanga Regional Hospital,2f39772d14be73ebe81a86b4fb48837e
89,2,1,Image_157,non-anaemic,12.8,48,Male,Ejusu Government Hospital,14156a982c37a6ce4c4eaa3ee7239319
90,2,1,Image_173,non-anaemic,11.4,12,Male,Kintampo Municipal Hospital,fab93c14a8707cfd518e4722f15724de
90,2,1,Image_174,non-anaemic,11.46,48,Male,Komfo Anokye Teaching Hospital,26ca676cd510b14734b375acfecbbe52
91,2,2,Image_179,anaemic,3.4,24,Male,Sunyani Municipal Hospital,994d6ba1a63a024bfa8bcc91d11b9561
91,2,2,Image_509,anaemic,10.3,36,Female,Ahmadiyya Muslim Hospital,994d6ba1a63a024bfa8bcc91d11b9561
92,2,1,Image_189,non-anaemic,13.2,12,Female,Ahmadiyya Muslim Hospital,74ad51f328914a9c12f53a4f21c10a8d
92,2,1,Image_191,non-anaemic,13.2,60,Female,Bolgatanga Regional Hospital,b99c2ab5fcd43f21d8435c7f805e74af
93,2,1,Image_195,non-anaemic,13.1,24,Male,Sunyani Municipal Hospital,9ac0e82de104c9ade5df1d5cb37d572a
93,2,1,Image_197,non-anaemic,13.1,36,Male,Komfo Anokye Teaching Hospital,8663c59dd25307c3b183cff8c5a2e34a
94,2,1,Image_196,anaemic,10.8,12,Male,Sunyani Municipal Hospital,566b0e7c5aae08e48103309bd3ccffd9
94,2,1,Image_198,anaemic,10.4,48,Male,Sunyani Municipal Hospital,00b37be5e064503a216610485aa73b97
95,2,2,Image_201,anaemic,10.4,48,Male,Kintampo Municipal Hospital,f98738945b2232dec28bb761e35c6687
95,2,2,Image_289,anaemic,3.3,24,Male,Manhyia District Hospital,f98738945b2232dec28bb761e35c6687
96,2,1,Image_204,non-anaemic,13.1,36,Female,Komfo Anokye Teaching Hospital,5b76f6ce092a0150f84b59bf7b7206ed
96,2,1,Image_205,non-anaemic,13.2,12,Male,Ahmadiyya Muslim Hospital,11412721360e106c03c95855ae5ca8ac
97,2,1,Image_208,non-anaemic,13.2,24,Male,Komfo Anokye Teaching Hospital,d1511f99c214b79bbea549d3a0109991
97,2,1,Image_413,non-anaemic,11.7,48,Male,Komfo Anokye Teaching Hospital,ef6c5d7f7b6af6b880c5af46be5a7b3d
98,2,1,Image_211,non-anaemic,13.2,60,Male,Holy Family Hospital,c89e4717ec0590e6d5c4917e961acddd
98,2,1,Image_212,non-anaemic,11.0,60,Male,Bolgatanga Regional Hospital,ec7ed8d12fcb0879426e78a63257b08f
99,2,1,Image_215,non-anaemic,11.0,36,Male,Komfo Anokye Teaching Hospital,78ac2a85738414239e599a95e3e82696
99,2,1,Image_217,non-anaemic,11.0,48,Male,Komfo Anokye Teaching Hospital,4452a363c1a7ae97518ab4a379c7b12a
100,2,1,Image_218,non-anaemic,13.2,36,Male,Sunyani Municipal Hospital,95abf6dc166a8482f8af15ac7f4b63d7
100,2,1,Image_222,non-anaemic,13.2,36,Female,Komfo Anokye Teaching Hospital,8578f409a2479e057a902dc562d1a66d
101,2,1,Image_224,non-anaemic,13.2,48,Female,Nkawie-Toase Government Hospital,53a73783b7c973aeb9d5242fdd3d86da
101,2,1,Image_248,non-anaemic,11.3,24,Female,Bolgatanga Regional Hospital,5e6f7e6c07264d3ea0384438d142900b
102,2,1,Image_242,anaemic,5.9,12,Male,Nkawie-Toase Government Hospital,d4c0d8cb2ced2bb60aafb157304537b2
102,2,1,Image_243,anaemic,8.4,48,Male,Ejusu Government Hospital,733d0553fa18725827c9aa4f14cd59cd
103,2,1,Image_249,non-anaemic,12.0,48,Female,Sunyani Municipal Hospital,56eb263e9e8bdb2acfa54c55ac785676
103,2,1,Image_321,non-anaemic,11.2,24,Female,Bolgatanga Regional Hospital,89ad0487c568ea39a9c0a678ea9bf50c
104,2,1,Image_252,anaemic,9.1,24,Male,Ahmadiyya Muslim Hospital,997220e875fc24ce5680af0196cdb0d9
104,2,1,Image_254,anaemic,6.9,12,Male,Sunyani Municipal Hospital,7d915b8f591f482b7b752ada26acc004
105,2,1,Image_255,anaemic,9.1,48,Female,Sunyani Municipal Hospital,359b1c8bc596b9e19c88cba00af1ab2e
105,2,1,Image_257,anaemic,7.0,48,Female,Bolgatanga Regional Hospital,6fbaf150f3d559d226fe2c03408de2e2
106,2,1,Image_263,non-anaemic,11.3,36,Female,Komfo Anokye Teaching Hospital,ab83b1dd0ed9df2c0753b951b5d05100
106,2,1,Image_273,non-anaemic,12.1,36,Female,Sunyani Municipal Hospital,0ee8f8ee82dc7c06bf7781e92c47fed7
107,2,2,Image_272,anaemic,9.0,48,Male,Ahmadiyya Muslim Hospital,d20a8c8d32bc3a37eeeac17a508c6690
107,2,2,Image_487,anaemic,6.4,24,Male,Kintampo Municipal Hospital,d20a8c8d32bc3a37eeeac17a508c6690
108,2,2,Image_278,anaemic,7.1,60,Male,Kintampo Municipal Hospital,3b7745fa91b123431d4046db60671445
108,2,2,Image_387,anaemic,9.6,12,Male,Sunyani Municipal Hospital,3b7745fa91b123431d4046db60671445
109,2,1,Image_283,non-anaemic,11.1,12,Male,Komfo Anokye Teaching Hospital,b39783d8280088301f1f71ea90eb0bc2
109,2,1,Image_286,non-anaemic,11.4,36,Male,Komfo Anokye Teaching Hospital,d6237f4895cd89d8e03fce2b65f04b02
110,2,2,Image_284,anaemic,3.1,36,Male,Bolgatanga Regional Hospital,1041c52ca8a5d2d5020b3065d86558df
110,2,2,Image_639,anaemic,9.2,24,Male,Sunyani Municipal Hospital,1041c52ca8a5d2d5020b3065d86558df
111,2,1,Image_296,anaemic,7.1,36,Male,Ahmadiyya Muslim Hospital,55f7623e380703c2d87b55a51d9f1463
111,2,1,Image_488,anaemic,6.4,12,Male,Komfo Anokye Teaching Hospital,0cb915dc0baa5669d26a3de7689ef8af
112,2,1,Image_297,non-anaemic,11.8,12,Female,Bolgatanga Regional Hospital,b31fc6bd227f18b12793b70a2bfa3fec
112,2,1,Image_298,non-anaemic,11.4,12,Male,Ahmadiyya Muslim Hospital,d5b1321064f892dce62bd0fd3657318f
113,2,1,Image_299,non-anaemic,11.8,12,Male,Komfo Anokye Teaching Hospital,b4a13c91edc3e073293130a450418339
113,2,1,Image_302,non-anaemic,11.8,36,Male,Komfo Anokye Teaching Hospital,a27f4be1148bcfca1bfdce0d4eb4d686
114,2,1,Image_303,non-anaemic,11.8,12,Male,Komfo Anokye Teaching Hospital,7d850413f1dd86d23a73870dc6ef922c
114,2,1,Image_307,non-anaemic,11.9,12,Female,Bolgatanga Regional Hospital,1affa4d5035095132832dd77f3cefe6c
115,2,1,Image_317,non-anaemic,11.16,12,Female,Kintampo Municipal Hospital,212e9080477a790568e79d051c115351
115,2,1,Image_319,non-anaemic,11.2,12,Male,Komfo Anokye Teaching Hospital,cc97825a6c813e59fc4433a1d0ca9a36
116,2,1,Image_332,anaemic,10.6,10,Male,SDA Hospital,5abc8c11c733f377a2ff0458da17c0c4
116,2,1,Image_490,anaemic,8.9,8,Male,Nkawie-Toase Government Hospital,dc51e1ab3d1821fb2a84c761aa0df7da
117,2,1,Image_348,non-anaemic,12.3,24,Female,Komfo Anokye Teaching Hospital,785eb86dad05abcd81da9355b95a705d
117,2,1,Image_349,non-anaemic,13.3,48,Female,Nkawie-Toase Government Hospital,394b9eda6123e108d2c2c7d2810a70e4
118,2,1,Image_350,anaemic,9.2,36,Female,Nkawie-Toase Government Hospital,09ecee067af6f128a5c5237503bddb2b
118,2,1,Image_368,anaemic,10.5,36,Female,Bolgatanga Regional Hospital,b162718695986a204e39d379a59f8d9b
119,2,1,Image_352,non-anaemic,12.3,24,Male,Sunyani Municipal Hospital,22395402e0836da839366e04bf07b6cf
119,2,1,Image_353,non-anaemic,13.3,36,Male,Komfo Anokye Teaching Hospital,9d2ffda31127aac36e5c5c137256c2b7
120,2,1,Image_361,non-anaemic,13.4,60,Male,Komfo Anokye Teaching Hospital,a921f3a064ed2e96acecb290e7aaf1bc
120,2,1,Image_363,non-anaemic,13.5,6,Male,Bolgatanga Regional Hospital,693f506e1ad63058fab5eb56588eb439
121,2,1,Image_365,non-anaemic,13.6,36,Female,Sunyani Municipal Hospital,e18b413570a6fa6071350e9a5ba457b8
121,2,1,Image_366,non-anaemic,12.5,48,Female,Ahmadiyya Muslim Hospital,dabc96004c9d2fb7289d42a691f6240e
122,2,1,Image_370,non-anaemic,13.5,48,Male,Kintampo Municipal Hospital,7ed3845842baff7b7bd62809acf73e72
122,2,1,Image_371,non-anaemic,13.5,60,Male,Sunyani Municipal Hospital,6a8c497d590f381d944b29877c8a9678
123,2,1,Image_373,non-anaemic,13.5,36,Female,Manhyia District Hospital,0d0605c4c68a134d2861ee69e8217b24
123,2,1,Image_374,non-anaemic,13.5,48,Male,Bolgatanga Regional Hospital,cf813a3e26e2e8c6162f00248fcb80c3
124,2,1,Image_375,non-anaemic,13.5,24,Female,Sunyani Municipal Hospital,dcbbf8582e12555784ee19fb6afca84f
124,2,1,Image_376,non-anaemic,13.5,60,Male,Ahmadiyya Muslim Hospital,e71ad04064c372bf8bd1bee064c35eac
125,2,1,Image_379,non-anaemic,13.6,60,Female,SDA Hospital,3529b642595bfc0c3fc1c829827b7c68
125,2,1,Image_380,non-anaemic,13.6,36,Female,Kintampo Municipal Hospital,2a6e1a4ebc9f42d9cb2f910bf319b4fc
126,2,1,Image_381,non-anaemic,13.6,24,Female,Ahmadiyya Muslim Hospital,e930f3ab5835b6e9074fbb2eefdc4ac9
126,2,1,Image_382,non-anaemic,13.6,48,Female,Bolgatanga Regional Hospital,4c0c2e71c6ac37b2430c7088cb6fe2b1
127,2,1,Image_383,anaemic,7.2,48,Male,Sunyani Municipal Hospital,68ad55b6c3bf7a8bafc1f26b659e2b0c
127,2,1,Image_408,anaemic,10.3,24,Male,Komfo Anokye Teaching Hospital,f3428683e12588c3397cbad9ca64e681
128,2,2,Image_385,anaemic,9.6,12,Male,Sunyani Municipal Hospital,16a11b205a749f721aa6a8615179947e
128,2,2,Image_629,anaemic,8.8,12,Male,SDA Hospital,16a11b205a749f721aa6a8615179947e
129,2,1,Image_392,anaemic,10.1,24,Male,Sunyani Municipal Hospital,e0d15fd0e48a8d42c02a8232f24ce55d
129,2,1,Image_396,anaemic,10.1,24,Male,Komfo Anokye Teaching Hospital,be0a678c521ee312e4dd8e1c4466fbcb
130,2,1,Image_394,non-anaemic,12.8,24,Female,Manhyia District Hospital,4eba9c6d744ab2c5ca1baf5aa55931e3
130,2,1,Image_395,non-anaemic,12.8,60,Male,Ahmadiyya Muslim Hospital,c03c02625fc7433d9a3157004bb0fe7c
131,2,1,Image_398,anaemic,10.2,36,Male,Sunyani Municipal Hospital,ed628900b2e665a964ee794607b28f07
131,2,1,Image_401,anaemic,8.9,12,Male,Sunyani Municipal Hospital,2040e40a8d451e6237bcb4f5c1e4d7c3
132,2,2,Image_405,anaemic,10.3,24,Female,Ahmadiyya Muslim Hospital,48e2b292bcec16546104aeb4a8f33ed6
132,2,2,Image_502,anaemic,10.1,24,Male,Bolgatanga Regional Hospital,48e2b292bcec16546104aeb4a8f33ed6
133,2,1,Image_410,non-anaemic,11.7,36,Female,Sunyani Municipal Hospital,f9dc63dd486bf6804d05fa998247a48a
133,2,1,Image_414,non-anaemic,11.7,12,Female,Komfo Anokye Teaching Hospital,3a114e2323e9e150eaee51f7b771ed48
134,2,1,Image_418,non-anaemic,11.7,12,Male,Nkawie-Toase Government Hospital,c05c299baadbb5da25d5832bd994c327
134,2,1,Image_419,non-anaemic,11.72,48,Female,Komfo Anokye Teaching Hospital,8cb3b8e5932cb0ad90c8a3527cd92744
135,2,1,Image_420,non-anaemic,11.8,12,Male,Ahmadiyya Muslim Hospital,5d2ab6f67b3618759943ae2fcebbf6e6
135,2,1,Image_421,non-anaemic,11.8,36,Female,Kintampo Municipal Hospital,b48c105a47b8cdfec50863a0e305a502
136,2,1,Image_422,non-anaemic,11.8,24,Male,Komfo Anokye Teaching Hospital,919824a6e85f040f637cea4d27cababb
136,2,1,Image_423,non-anaemic,11.8,36,Male,Ahmadiyya Muslim Hospital,a395317694785b617a53a63399d5d667
137,2,1,Image_424,non-anaemic,11.8,24,Male,Kintampo Municipal Hospital,30ea73ba1e509ff79cab7d7712b0de0c
137,2,1,Image_426,non-anaemic,11.8,48,Male,Manhyia District Hospital,2be6c2d03b57cffc6763dad96d7dec1e
138,2,1,Image_429,anaemic,10.6,36,Female,Nkawie-Toase Government Hospital,8c23a59399e37d4afc67c9642a18b811
138,2,1,Image_438,anaemic,10.6,36,Male,Sunyani Municipal Hospital,9f68e560391c0e1ebe21fe181162f99c
139,2,1,Image_431,non-anaemic,13.6,24,Male,Ahmadiyya Muslim Hospital,b3e3f59eb9e5b8f4e730cfc882c1e684
139,2,1,Image_432,non-anaemic,13.6,12,Female,Ahmadiyya Muslim Hospital,0398df7278b0569a44387dfef39cf757
140,2,1,Image_434,non-anaemic,13.7,60,Male,Kintampo Municipal Hospital,b9061df0917f1a1f0bc629a4140af1ec
140,2,1,Image_436,non-anaemic,13.8,24,Male,Komfo Anokye Teaching Hospital,f68a66a2e01a0d630a6ee5a76d6559da
141,2,1,Image_439,anaemic,10.6,48,Male,Ahmadiyya Muslim Hospital,0820487c42cbfe6340fc4e81c3267241
141,2,1,Image_460,anaemic,9.2,12,Male,Kintampo Municipal Hospital,5f7634784dfb65ae0aa519a1137cf303
142,2,1,Image_440,non-anaemic,13.8,36,Male,Ahmadiyya Muslim Hospital,b0ccbf3ff05b6b84e7761b7ffd03f575
142,2,1,Image_447,non-anaemic,14.1,24,Female,Komfo Anokye Teaching Hospital,164c98916ab6869767b9b2bcb5c9c25b
143,2,1,Image_450,non-anaemic,14.2,12,Male,Sunyani Municipal Hospital,880638c18369dfe586fdfb2e110b1810
143,2,1,Image_451,non-anaemic,11.1,12,Male,Komfo Anokye Teaching Hospital,2cf2c5ca51ad786b285edc8dadbb220d
144,2,1,Image_452,non-anaemic,12.1,12,Male,Sunyani Municipal Hospital,986f44069e7758b455a9c6cc27a5cd5e
144,2,1,Image_453,non-anaemic,11.2,48,Male,Komfo Anokye Teaching Hospital,ea1130e87fa127cb288e30e35285adcd
145,2,1,Image_454,non-anaemic,12.1,36,Male,Sunyani Municipal Hospital,8fdb86070c753fe34dff869d35389a5c
145,2,1,Image_455,non-anaemic,11.2,24,Female,Bolgatanga Regional Hospital,601749813809646f3212af3e8b3675eb
146,2,1,Image_456,non-anaemic,12.1,12,Male,Sunyani Municipal Hospital,45ab4dcd6c739baadb647feef6837b89
146,2,1,Image_457,non-anaemic,12.1,24,Male,Bolgatanga Regional Hospital,ae47f67bda087eb53f3f98c3cd6b637c
147,2,1,Image_458,non-anaemic,12.15,48,Male,Ahmadiyya Muslim Hospital,8216136377861be5eff9df9d7b4a722f
147,2,1,Image_459,non-anaemic,12.2,48,Female,Sunyani Municipal Hospital,2096e889f84d99a0b0d00aa8f2e733f8
148,2,1,Image_461,anaemic,9.2,12,Male,Sunyani Municipal Hospital,3db224f9cf2c6a1446d04b8792c2cc17
148,2,1,Image_471,anaemic,10.1,24,Male,Nkawie-Toase Government Hospital,698fce99295f527deb1ace0d6e23bfea
149,2,1,Image_462,non-anaemic,12.5,48,Female,Sunyani Municipal Hospital,045609eec4bdd1cb232ba1a326fb8b2b
149,2,1,Image_463,non-anaemic,12.5,48,Male,Bolgatanga Regional Hospital,bb45b5c7277f67fc696b0e47724d3838
150,2,1,Image_466,non-anaemic,12.6,36,Female,Nkawie-Toase Government Hospital,5f7e0fbabeda5199a7eb8dff0037f2a7
150,2,1,Image_467,non-anaemic,12.6,60,Male,Sunyani Municipal Hospital,10e255b61c01412abfbe2b5c6e5e6533
151,2,1,Image_468,non-anaemic,12.7,24,Female,Sunyani Municipal Hospital,0d7d941e19b645e44f96c3d648722b96
151,2,1,Image_469,non-anaemic,12.6,24,Male,Sunyani Municipal Hospital,dc05e08633190f3aa5f3c36f70de5f4c
152,2,1,Image_474,non-anaemic,12.7,60,Female,Bolgatanga Regional Hospital,efb93b98ed16ce050da1d5c55f3d5ffa
152,2,1,Image_475,non-anaemic,12.8,60,Male,Ahmadiyya Muslim Hospital,d1feb70d66c64ec9d599c708be3a01dc
153,2,1,Image_478,anaemic,6.1,12,Male,Ahmadiyya Muslim Hospital,4f90171f81c859c15731bb5847f6740a
153,2,1,Image_482,anaemic,6.3,60,Female,Kintampo Municipal Hospital,2bdd7ae0f706612a0a4f85554f1262f3
154,2,1,Image_479,non-anaemic,11.1,24,Male,Sunyani Municipal Hospital,2a65fae48c626f1e9d2556ba1489d4dd
154,2,1,Image_481,non-anaemic,11.2,48,Male,Sunyani Municipal Hospital,fa08df7dfddcb1fb5aea754dbb10a664
155,2,1,Image_483,non-anaemic,11.2,6,Male,Komfo Anokye Teaching Hospital,5ba010634077299887311d1d2fed357d
155,2,1,Image_484,anaemic,6.3,12,Male,Kintampo Municipal Hospital,e6dd7ba21528154a9c7a5c032a0d5ebd
156,2,1,Image_498,non-anaemic,12.1,36,Male,Bolgatanga Regional Hospital,72d1910ae35f7e94c6dc9cd957a5efba
156,2,1,Image_506,non-anaemic,13.0,48,Male,Bolgatanga Regional Hospital,593aa1bdcc3a8548dc4357b0520db75d
157,2,1,Image_507,non-anaemic,13.0,60,Male,Nkawie-Toase Government Hospital,2a4c3f6213671ed2704bd0a4a81dee42
157,2,1,Image_508,non-anaemic,13.0,24,Female,Komfo Anokye Teaching Hospital,78802cd1a5ba394165578e1b1e061e1b
158,2,1,Image_510,anaemic,9.5,60,Female,SDA Hospital,2cf14d279b4fa26d2976e152b0ec4f30
158,2,1,Image_512,anaemic,9.5,24,Male,Komfo Anokye Teaching Hospital,0770386114e6b17b524fb1a8f22c7627
159,2,1,Image_516,anaemic,9.6,12,Female,Bolgatanga Regional Hospital,4945a6955ddb957463397d279cf2c19d
159,2,1,Image_519,anaemic,9.5,36,Female,Ejusu Government Hospital,af8b0e8a64aa839740d68c6e6ea7fc03
160,2,1,Image_522,non-anaemic,12.4,24,Female,Komfo Anokye Teaching Hospital,e33cdb67de02ccc03400009d4e7105af
160,2,1,Image_529,non-anaemic,12.4,24,Female,Kintampo Municipal Hospital,258fe4eecabe149034ab51d7c23076e2
161,2,1,Image_524,anaemic,9.7,24,Male,Bolgatanga Regional Hospital,9851bbd1a9cb271abd5dc69c86d81207
161,2,1,Image_527,anaemic,9.7,24,Male,Komfo Anokye Teaching Hospital,dcc03c9dac5a658c5fad7d1c53e197f9
162,2,1,Image_532,anaemic,9.5,60,Female,Kintampo Municipal Hospital,5d7c057492b3ec94851b0eb0e7b59a33
162,2,1,Image_535,anaemic,9.7,60,Female,Nkawie-Toase Government Hospital,6119f6423d518400719822196f1078b7
163,2,1,Image_557,anaemic,10.0,12,Female,Bolgatanga Regional Hospital,57629a98b7e5f304a49fbbcc6d225e52
163,2,1,Image_564,anaemic,10.1,24,Male,Sunyani Municipal Hospital,789d41aee88b9acd38bda00c28bfbaf4
164,2,1,Image_558,non-anaemic,12.6,36,Female,Ahmadiyya Muslim Hospital,a0449679f7364d0fce11ffe0d1e8661a
164,2,1,Image_559,non-anaemic,12.6,36,Male,Kintampo Municipal Hospital,326f34fdf046843abb6baa97e40fc056
165,2,1,Image_566,non-anaemic,12.8,12,Female,Bolgatanga Regional Hospital,0207a16a62ff61ffa6c6a1408d260f8a
165,2,1,Image_570,non-anaemic,12.1,24,Male,Komfo Anokye Teaching Hospital,41966af77d7d6453bc9150ef0e35859e
166,2,1,Image_584,anaemic,10.2,12,Female,Bolgatanga Regional Hospital,9f6b129b36786b94e370c2006b39cf30
166,2,1,Image_594,anaemic,7.4,24,Male,Ahmadiyya Muslim Hospital,a989fcb7b597891e8a1d25dd3b513309
167,2,1,Image_597,anaemic,7.5,48,Male,Nkawie-Toase Government Hospital,170200a00fc3dd0bdc4dae40bda90e00
167,2,1,Image_599,anaemic,7.5,12,Male,Ahmadiyya Muslim Hospital,364d4c4788eb19ee073937dd86625eae
168,2,1,Image_619,anaemic,6.9,7,Male,Ahmadiyya Muslim Hospital,50627e4ebdbd7869b14109d01849ad8e
168,2,1,Image_638,anaemic,9.2,9,Male,Ejusu Government Hospital,9c394ef1169ca1d0b78963d75946700f
169,2,1,Image_654,non-anaemic,12.0,24,Male,Ahmadiyya Muslim Hospital,5db1a8d4d31bec35b03d2ca6342275cf
169,2,1,Image_655,non-anaemic,12.01,48,Female,Bolgatanga Regional Hospital,8a086333156284c77874762e157e2c0e
170,2,1,Image_669,anaemic,10.7,60,Male,Nkawie-Toase Government Hospital,08e46448071c36eb0f0896840c85093a
170,2,1,Image_681,anaemic,8.7,12,Female,Bolgatanga Regional Hospital,10cd81bbd9a174ddf69a0c484d50ae44
171,2,1,Image_698,non-anaemic,14.9,12,Male,Nkawie-Toase Government Hospital,000b8ff748581e8def80d7b5fa255f15
171,2,1,Image_699,non-anaemic,14.9,48,Male,Ahmadiyya Muslim Hospital,cfadfcfd21b1d2077fcc63ce676cec08
